,Title,Href
0,Королевская династия⁠⁠,https://pikabu.ru/story/korolevskaya_dinastiya_10137287
1,Самый дорогой найденный клад в истории⁠⁠,https://pikabu.ru/story/same_nniee_iya_chaseyla_otohkaku__oc_o_samrat_es_ay_aymu_seyla_otohka_uklen_10137876?from=cpm
2,С Днём Космонавтики !⁠⁠,https://pikabu.ru/story/s_dnyom_kosmonavtiki__10137024
3,Илон Маск уделывает журналиста BBC Джеймса Клейтона в прямом эфире. Смотреть без регистрации и смс⁠⁠,https://pikabu.ru/story/ilon_mask_udelyivaet_zhurnalista_bbc_dzheymsa_kleytona_v_pryamom_yefire_smotret_bez_registratsii_i_sms_10137424
4,Платный стример и бесплатный стример⁠⁠,https://pikabu.ru/story/platnyiy_strimer_i_besplatnyiy_strimer_10138139
5,Вчера сгорело дело моей жизни⁠⁠,https://pikabu.ru/story/vchera_sgorelo_delo_moey_zhizni_10137839
6,Почему на самое полезное вечно не хватает времени⁠⁠,https://pikabu.ru/story/ku_la_ikherp_mav_sseyla_otoded_rierp_glklolavchaudeniemu_seyla_otodedlavkol_9993562?from=cpm
7,Ответ OldMent в «Мобилизация»⁠⁠,https://pikabu.ru/story/otvet_oldment_v_mobilizatsiya_10137236
8,О грехах⁠⁠,https://pikabu.ru/story/o_grekhakh_10136600
9,Вот такие заведения нашем городе Магнитогорске. Прошу поднять повыше⁠⁠,https://pikabu.ru/story/vot_takie_zavedeniya_nashem_gorode_magnitogorske_proshu_podnyat_povyishe_10137469
10,0,0
